,Id,Category
0,0_0,2
1,0_1,2
2,0_10,2
3,0_100,2
4,0_101,2
5,0_102,2
6,0_103,2
7,0_104,2
8,0_105,2
9,0_106,2
10,0_107,2
11,0_108,2
12,0_109,2
13,0_11,2
14,0_110,2
15,0_111,2
16,0_112,2
17,0_113,2
18,0_114,2
19,0_115,2
20,0_116,2
21,0_117,2
22,0_118,2
23,0_119,2
24,0_12,2
25,0_120,2
26,0_121,2
27,0_122,2
28,0_123,2
29,0_124,2
30,0_125,2
31,0_126,2
32,0_127,2
33,0_128,2
34,0_129,2
35,0_13,2
36,0_130,5
37,0_131,2
38,0_132,2
39,0_133,2
40,0_134,2
41,0_135,2
42,0_136,2
43,0_137,2
44,0_138,2
45,0_139,2
46,0_14,2
47,0_140,2
48,0_141,2
49,0_142,2
50,0_143,2
51,0_144,2
52,0_145,2
53,0_146,2
54,0_147,2
55,0_148,2
56,0_149,2
57,0_15,2
58,0_150,2
59,0_151,2
60,0_152,2
61,0_153,2
62,0_154,2
63,0_155,2
64,0_156,2
65,0_157,2
66,0_158,2
67,0_159,2
68,0_16,2
69,0_160,2
70,0_161,2
71,0_162,2
72,0_163,2
73,0_164,2
74,0_165,2
75,0_166,5
76,0_167,2
77,0_168,2
78,0_169,2
79,0_17,2
80,0_170,2
81,0_171,2
82,0_172,2
83,0_173,2
84,0_174,2
85,0_175,2
86,0_176,2
87,0_177,2
88,0_178,2
89,0_179,2
90,0_18,2
91,0_180,2
92,0_181,2
93,0_182,2
94,0_183,2
95,0_184,2
96,0_185,2
97,0_186,2
98,0_187,2
99,0_188,2
100,0_189,2
101,0_19,2
102,0_190,2
103,0_191,2
104,0_192,2
105,0_193,2
106,0_194,2
107,0_195,2
108,0_196,2
109,0_197,2
110,0_198,2
111,0_199,2
112,0_2,2
113,0_20,2
114,0_200,2
115,0_201,2
116,0_202,2
117,0_203,2
118,0_204,2
119,0_205,2
120,0_206,2
121,0_207,2
122,0_208,2
123,0_209,2
124,0_21,2
125,0_210,2
126,0_211,2
127,0_212,2
128,0_213,2
129,0_214,2
130,0_215,2
131,0_216,2
132,0_217,2
133,0_218,2
134,0_219,2
135,0_22,2
136,0_220,2
137,0_221,2
138,0_222,2
139,0_223,2
140,0_224,2
141,0_225,2
142,0_226,2
143,0_227,2
144,0_228,2
145,0_229,2
146,0_23,2
147,0_230,2
148,0_231,2
149,0_232,2
150,0_233,2
151,0_234,2
152,0_235,2
153,0_236,2
154,0_237,2
155,0_238,2
156,0_239,2
157,0_24,2
158,0_240,2
159,0_241,2
160,0_242,2
161,0_243,2
162,0_244,2
163,0_245,2
164,0_246,2
165,0_247,2
166,0_248,2
167,0_249,2
168,0_25,2
169,0_250,2
170,0_251,2
171,0_252,2
172,0_253,2
173,0_254,2
174,0_255,2
175,0_256,2
176,0_257,2
177,0_258,2
178,0_259,2
179,0_26,2
180,0_260,2
181,0_261,2
182,0_262,2
183,0_263,2
184,0_264,2
185,0_265,2
186,0_266,2
187,0_267,2
188,0_268,2
189,0_269,2
190,0_27,2
191,0_270,2
192,0_271,2
193,0_272,2
194,0_273,2
195,0_274,2
196,0_275,2
197,0_276,2
198,0_277,2
199,0_278,2
200,0_279,2
201,0_28,2
202,0_280,2
203,0_281,2
204,0_282,2
205,0_283,2
206,0_284,2
207,0_285,2
208,0_286,2
209,0_287,2
210,0_288,2
211,0_289,2
212,0_29,2
213,0_290,2
214,0_291,2
215,0_292,2
216,0_293,2
217,0_294,2
218,0_295,2
219,0_296,2
220,0_297,2
221,0_298,2
222,0_299,2
223,0_3,2
224,0_30,2
225,0_300,2
226,0_301,2
227,0_302,2
228,0_303,2
229,0_304,2
230,0_305,2
231,0_306,2
232,0_307,2
233,0_308,2
234,0_309,2
235,0_31,2
236,0_310,2
237,0_311,2
238,0_312,2
239,0_313,2
240,0_314,2
241,0_315,2
242,0_316,2
243,0_317,2
244,0_318,2
245,0_319,2
246,0_32,2
247,0_320,2
248,0_321,2
249,0_322,2
250,0_323,2
251,0_324,2
252,0_325,2
253,0_326,2
254,0_327,2
255,0_328,2
256,0_329,2
257,0_33,2
258,0_330,2
259,0_331,2
260,0_332,2
261,0_333,2
262,0_334,2
263,0_335,2
264,0_336,2
265,0_337,2
266,0_338,2
267,0_339,2
268,0_34,2
269,0_340,2
270,0_341,2
271,0_342,2
272,0_343,2
273,0_344,2
274,0_345,2
275,0_346,2
276,0_347,2
277,0_348,2
278,0_349,2
279,0_35,2
280,0_350,2
281,0_351,2
282,0_352,2
283,0_353,2
284,0_354,2
285,0_355,2
286,0_356,2
287,0_357,2
288,0_358,2
289,0_359,2
290,0_36,2
291,0_360,2
292,0_361,2
293,0_362,2
294,0_363,2
295,0_364,2
296,0_365,2
297,0_366,2
298,0_367,2
299,0_37,2
300,0_38,2
301,0_39,2
302,0_4,2
303,0_40,2
304,0_41,2
305,0_42,2
306,0_43,2
307,0_44,2
308,0_45,2
309,0_46,2
310,0_47,2
311,0_48,2
312,0_49,2
313,0_5,2
314,0_50,2
315,0_51,2
316,0_52,2
317,0_53,2
318,0_54,2
319,0_55,2
320,0_56,2
321,0_57,2
322,0_58,2
323,0_59,2
324,0_6,2
325,0_60,2
326,0_61,2
327,0_62,2
328,0_63,2
329,0_64,2
330,0_65,2
331,0_66,2
332,0_67,2
333,0_68,2
334,0_69,2
335,0_7,2
336,0_70,2
337,0_71,2
338,0_72,5
339,0_73,2
340,0_74,2
341,0_75,2
342,0_76,2
343,0_77,2
344,0_78,5
345,0_79,2
346,0_8,2
347,0_80,2
348,0_81,2
349,0_82,2
350,0_83,2
351,0_84,2
352,0_85,2
353,0_86,2
354,0_87,2
355,0_88,2
356,0_89,2
357,0_9,2
358,0_90,2
359,0_91,2
360,0_92,2
361,0_93,2
362,0_94,2
363,0_95,2
364,0_96,2
365,0_97,2
366,0_98,2
367,0_99,2
368,10_0,2
369,10_1,2
370,10_10,2
371,10_100,2
372,10_101,2
373,10_102,2
374,10_103,2
375,10_104,2
376,10_105,2
377,10_106,2
378,10_107,2
379,10_108,2
380,10_109,2
381,10_11,2
382,10_110,2
383,10_111,2
384,10_112,2
385,10_113,2
386,10_114,2
387,10_115,2
388,10_116,2
389,10_117,2
390,10_118,2
391,10_119,2
392,10_12,2
393,10_120,2
394,10_121,2
395,10_122,2
396,10_123,2
397,10_124,2
398,10_125,2
399,10_126,2
400,10_127,2
401,10_128,2
402,10_129,2
403,10_13,2
404,10_130,2
405,10_131,2
406,10_132,2
407,10_133,2
408,10_134,2
409,10_135,2
410,10_136,2
411,10_137,2
412,10_138,2
413,10_139,2
414,10_14,2
415,10_140,2
416,10_141,2
417,10_142,2
418,10_143,2
419,10_144,2
420,10_145,2
421,10_146,2
422,10_147,2
423,10_148,2
424,10_149,2
425,10_15,2
426,10_150,2
427,10_151,2
428,10_152,2
429,10_153,2
430,10_154,5
431,10_155,2
432,10_156,2
433,10_157,2
434,10_158,2
435,10_159,2
436,10_16,2
437,10_160,2
438,10_161,2
439,10_162,2
440,10_163,2
441,10_164,2
442,10_165,2
443,10_166,2
444,10_167,2
445,10_168,2
446,10_169,2
447,10_17,2
448,10_170,2
449,10_171,2
450,10_172,2
451,10_173,2
452,10_174,2
453,10_175,2
454,10_176,2
455,10_177,2
456,10_178,2
457,10_179,2
458,10_18,2
459,10_180,2
460,10_181,2
461,10_182,2
462,10_183,2
463,10_184,2
464,10_185,2
465,10_186,2
466,10_187,2
467,10_188,2
468,10_189,2
469,10_19,5
470,10_190,2
471,10_191,2
472,10_192,2
473,10_193,2
474,10_194,2
475,10_195,2
476,10_196,2
477,10_197,2
478,10_198,2
479,10_199,2
480,10_2,2
481,10_20,2
482,10_200,5
483,10_201,2
484,10_202,2
485,10_203,2
486,10_204,2
487,10_205,2
488,10_206,2
489,10_207,2
490,10_208,2
491,10_209,2
492,10_21,2
493,10_210,2
494,10_211,2
495,10_212,2
496,10_213,2
497,10_214,2
498,10_215,2
499,10_216,2
500,10_217,2
501,10_218,2
502,10_219,2
503,10_22,2
504,10_220,5
505,10_221,2
506,10_222,2
507,10_223,2
508,10_224,2
509,10_225,2
510,10_226,2
511,10_227,2
512,10_228,2
513,10_229,2
514,10_23,2
515,10_230,2
516,10_24,2
517,10_25,2
518,10_26,2
519,10_27,2
520,10_28,2
521,10_29,2
522,10_3,2
523,10_30,2
524,10_31,5
525,10_32,2
526,10_33,2
527,10_34,2
528,10_35,2
529,10_36,2
530,10_37,2
531,10_38,2
532,10_39,2
533,10_4,2
534,10_40,2
535,10_41,2
536,10_42,2
537,10_43,2
538,10_44,2
539,10_45,2
540,10_46,2
541,10_47,2
542,10_48,2
543,10_49,2
544,10_5,2
545,10_50,2
546,10_51,2
547,10_52,2
548,10_53,2
549,10_54,2
550,10_55,2
551,10_56,2
552,10_57,2
553,10_58,2
554,10_59,2
555,10_6,2
556,10_60,2
557,10_61,2
558,10_62,2
559,10_63,2
560,10_64,2
561,10_65,2
562,10_66,2
563,10_67,2
564,10_68,2
565,10_69,2
566,10_7,2
567,10_70,2
568,10_71,2
569,10_72,2
570,10_73,2
571,10_74,2
572,10_75,2
573,10_76,2
574,10_77,2
575,10_78,2
576,10_79,2
577,10_8,2
578,10_80,2
579,10_81,2
580,10_82,2
581,10_83,2
582,10_84,2
583,10_85,2
584,10_86,2
585,10_87,2
586,10_88,2
587,10_89,2
588,10_9,2
589,10_90,2
590,10_91,2
591,10_92,2
592,10_93,2
593,10_94,2
594,10_95,2
595,10_96,2
596,10_97,2
597,10_98,2
598,10_99,2
599,1_0,2
600,1_1,2
601,1_10,2
602,1_100,2
603,1_101,2
604,1_102,2
605,1_103,2
606,1_104,2
607,1_105,2
608,1_106,2
609,1_107,2
610,1_108,2
611,1_109,2
612,1_11,2
613,1_110,2
614,1_111,2
615,1_112,2
616,1_113,2
617,1_114,2
618,1_115,2
619,1_116,2
620,1_117,2
621,1_118,2
622,1_119,2
623,1_12,2
624,1_120,2
625,1_121,2
626,1_122,2
627,1_123,2
628,1_124,2
629,1_125,2
630,1_126,2
631,1_127,2
632,1_128,2
633,1_129,2
634,1_13,2
635,1_130,2
636,1_131,2
637,1_132,2
638,1_133,2
639,1_134,2
640,1_135,2
641,1_136,2
642,1_137,2
643,1_138,2
644,1_139,2
645,1_14,2
646,1_140,2
647,1_141,2
648,1_142,2
649,1_143,2
650,1_144,2
651,1_145,2
652,1_146,2
653,1_147,2
654,1_15,2
655,1_16,2
656,1_17,2
657,1_18,2
658,1_19,2
659,1_2,2
660,1_20,2
661,1_21,2
662,1_22,2
663,1_23,2
664,1_24,2
665,1_25,2
666,1_26,2
667,1_27,2
668,1_28,2
669,1_29,2
670,1_3,2
671,1_30,2
672,1_31,2
673,1_32,2
674,1_33,2
675,1_34,2
676,1_35,2
677,1_36,2
678,1_37,2
679,1_38,2
680,1_39,2
681,1_4,2
682,1_40,2
683,1_41,2
684,1_42,2
685,1_43,2
686,1_44,2
687,1_45,2
688,1_46,2
689,1_47,2
690,1_48,2
691,1_49,2
692,1_5,2
693,1_50,2
694,1_51,2
695,1_52,2
696,1_53,2
697,1_54,2
698,1_55,2
699,1_56,2
700,1_57,2
701,1_58,2
702,1_59,2
703,1_6,2
704,1_60,2
705,1_61,2
706,1_62,2
707,1_63,2
708,1_64,2
709,1_65,2
710,1_66,2
711,1_67,2
712,1_68,2
713,1_69,2
714,1_7,2
715,1_70,2
716,1_71,2
717,1_72,2
718,1_73,2
719,1_74,2
720,1_75,2
721,1_76,2
722,1_77,2
723,1_78,2
724,1_79,2
725,1_8,2
726,1_80,2
727,1_81,2
728,1_82,2
729,1_83,2
730,1_84,2
731,1_85,2
732,1_86,2
733,1_87,2
734,1_88,2
735,1_89,2
736,1_9,2
737,1_90,2
738,1_91,5
739,1_92,2
740,1_93,2
741,1_94,2
742,1_95,2
743,1_96,2
744,1_97,2
745,1_98,2
746,1_99,2
747,2_0,2
748,2_1,2
749,2_10,2
750,2_100,2
751,2_101,2
752,2_102,2
753,2_103,5
754,2_104,2
755,2_105,2
756,2_106,2
757,2_107,2
758,2_108,2
759,2_109,2
760,2_11,2
761,2_110,2
762,2_111,2
763,2_112,2
764,2_113,2
765,2_114,2
766,2_115,2
767,2_116,2
768,2_117,2
769,2_118,2
770,2_119,2
771,2_12,2
772,2_120,2
773,2_121,2
774,2_122,2
775,2_123,2
776,2_124,2
777,2_125,2
778,2_126,2
779,2_127,2
780,2_128,2
781,2_129,2
782,2_13,2
783,2_130,2
784,2_131,2
785,2_132,2
786,2_133,2
787,2_134,5
788,2_135,2
789,2_136,2
790,2_137,2
791,2_138,2
792,2_139,2
793,2_14,2
794,2_140,2
795,2_141,2
796,2_142,2
797,2_143,2
798,2_144,2
799,2_145,2
800,2_146,2
801,2_147,2
802,2_148,2
803,2_149,2
804,2_15,2
805,2_150,2
806,2_151,2
807,2_152,2
808,2_153,2
809,2_154,2
810,2_155,2
811,2_156,2
812,2_157,2
813,2_158,2
814,2_159,2
815,2_16,2
816,2_160,2
817,2_161,2
818,2_162,2
819,2_163,2
820,2_164,2
821,2_165,2
822,2_166,2
823,2_167,2
824,2_168,2
825,2_169,2
826,2_17,2
827,2_170,2
828,2_171,2
829,2_172,2
830,2_173,2
831,2_174,2
832,2_175,2
833,2_176,2
834,2_177,2
835,2_178,2
836,2_179,2
837,2_18,2
838,2_180,2
839,2_181,2
840,2_182,2
841,2_183,2
842,2_184,2
843,2_185,2
844,2_186,2
845,2_187,2
846,2_188,2
847,2_189,2
848,2_19,2
849,2_190,2
850,2_191,2
851,2_192,2
852,2_193,2
853,2_194,2
854,2_195,2
855,2_196,2
856,2_197,2
857,2_198,2
858,2_199,2
859,2_2,2
860,2_20,2
861,2_200,2
862,2_201,2
863,2_202,2
864,2_203,2
865,2_204,2
866,2_205,2
867,2_206,2
868,2_207,2
869,2_208,2
870,2_209,2
871,2_21,2
872,2_210,2
873,2_211,2
874,2_212,2
875,2_213,2
876,2_214,2
877,2_215,2
878,2_216,2
879,2_217,2
880,2_218,2
881,2_219,2
882,2_22,2
883,2_220,2
884,2_221,2
885,2_222,2
886,2_223,2
887,2_224,2
888,2_225,2
889,2_226,2
890,2_227,2
891,2_228,2
892,2_229,2
893,2_23,2
894,2_230,2
895,2_231,2
896,2_232,2
897,2_233,2
898,2_234,2
899,2_235,2
900,2_236,2
901,2_237,2
902,2_238,2
903,2_239,2
904,2_24,2
905,2_240,2
906,2_241,2
907,2_242,2
908,2_243,2
909,2_244,2
910,2_245,2
911,2_246,2
912,2_247,2
913,2_248,2
914,2_249,2
915,2_25,2
916,2_250,2
917,2_251,2
918,2_252,2
919,2_253,2
920,2_254,2
921,2_255,2
922,2_256,2
923,2_257,2
924,2_258,2
925,2_259,2
926,2_26,2
927,2_260,2
928,2_261,2
929,2_262,2
930,2_263,2
931,2_264,2
932,2_265,2
933,2_266,2
934,2_267,2
935,2_268,2
936,2_269,2
937,2_27,2
938,2_270,2
939,2_271,2
940,2_272,2
941,2_273,2
942,2_274,2
943,2_275,2
944,2_276,2
945,2_277,2
946,2_278,2
947,2_279,2
948,2_28,2
949,2_280,2
950,2_281,2
951,2_282,2
952,2_283,2
953,2_284,2
954,2_285,2
955,2_286,2
956,2_287,2
957,2_288,2
958,2_289,2
959,2_29,2
960,2_290,2
961,2_291,2
962,2_292,2
963,2_293,2
964,2_294,2
965,2_295,2
966,2_296,2
967,2_297,2
968,2_298,2
969,2_299,2
970,2_3,2
971,2_30,2
972,2_300,2
973,2_301,2
974,2_302,2
975,2_303,2
976,2_304,2
977,2_305,2
978,2_306,2
979,2_307,2
980,2_308,2
981,2_309,2
982,2_31,2
983,2_310,2
984,2_311,2
985,2_312,2
986,2_313,2
987,2_314,2
988,2_315,2
989,2_316,2
990,2_317,2
991,2_318,2
992,2_319,2
993,2_32,2
994,2_320,2
995,2_321,2
996,2_322,2
997,2_323,2
998,2_324,2
999,2_325,2
1000,2_326,2
1001,2_327,2
1002,2_328,2
1003,2_329,2
1004,2_33,2
1005,2_330,2
1006,2_331,2
1007,2_332,2
1008,2_333,2
1009,2_334,2
1010,2_335,2
1011,2_336,2
1012,2_337,2
1013,2_338,2
1014,2_339,2
1015,2_34,2
1016,2_340,2
1017,2_341,2
1018,2_342,2
1019,2_343,2
1020,2_344,2
1021,2_345,2
1022,2_346,2
1023,2_347,2
1024,2_348,2
1025,2_349,2
1026,2_35,2
1027,2_350,2
1028,2_351,2
1029,2_352,2
1030,2_353,2
1031,2_354,2
1032,2_355,2
1033,2_356,2
1034,2_357,2
1035,2_358,2
1036,2_359,2
1037,2_36,2
1038,2_360,2
1039,2_361,2
1040,2_362,2
1041,2_363,2
1042,2_364,2
1043,2_365,2
1044,2_366,2
1045,2_367,2
1046,2_368,2
1047,2_369,2
1048,2_37,2
1049,2_370,2
1050,2_371,2
1051,2_372,2
1052,2_373,2
1053,2_374,2
1054,2_375,2
1055,2_376,2
1056,2_377,2
1057,2_378,2
1058,2_379,2
1059,2_38,2
1060,2_380,2
1061,2_381,2
1062,2_382,2
1063,2_383,2
1064,2_384,2
1065,2_385,2
1066,2_386,2
1067,2_387,2
1068,2_388,2
1069,2_389,2
1070,2_39,2
1071,2_390,2
1072,2_391,2
1073,2_392,2
1074,2_393,2
1075,2_394,2
1076,2_395,2
1077,2_396,2
1078,2_397,2
1079,2_398,2
1080,2_399,2
1081,2_4,2
1082,2_40,2
1083,2_400,2
1084,2_401,2
1085,2_402,2
1086,2_403,2
1087,2_404,2
1088,2_405,2
1089,2_406,2
1090,2_407,5
1091,2_408,2
1092,2_409,2
1093,2_41,2
1094,2_410,2
1095,2_411,2
1096,2_412,2
1097,2_413,2
1098,2_414,2
1099,2_415,2
1100,2_416,2
1101,2_417,2
1102,2_418,2
1103,2_419,2
1104,2_42,2
1105,2_420,2
1106,2_421,2
1107,2_422,2
1108,2_423,2
1109,2_424,2
1110,2_425,2
1111,2_426,2
1112,2_427,2
1113,2_428,2
1114,2_429,2
1115,2_43,2
1116,2_430,2
1117,2_431,2
1118,2_432,2
1119,2_433,2
1120,2_434,2
1121,2_435,2
1122,2_436,2
1123,2_437,2
1124,2_438,2
1125,2_439,2
1126,2_44,2
1127,2_440,2
1128,2_441,2
1129,2_442,2
1130,2_443,2
1131,2_444,2
1132,2_445,2
1133,2_446,2
1134,2_447,2
1135,2_448,2
1136,2_449,2
1137,2_45,2
1138,2_450,2
1139,2_451,2
1140,2_452,2
1141,2_453,2
1142,2_454,2
1143,2_455,2
1144,2_456,2
1145,2_457,2
1146,2_458,9
1147,2_459,2
1148,2_46,2
1149,2_460,2
1150,2_461,2
1151,2_462,2
1152,2_463,2
1153,2_464,2
1154,2_465,2
1155,2_466,2
1156,2_467,2
1157,2_468,2
1158,2_469,2
1159,2_47,2
1160,2_470,2
1161,2_471,2
1162,2_472,2
1163,2_473,2
1164,2_474,2
1165,2_475,2
1166,2_476,2
1167,2_477,2
1168,2_478,2
1169,2_479,2
1170,2_48,2
1171,2_480,2
1172,2_481,2
1173,2_482,2
1174,2_483,2
1175,2_484,2
1176,2_485,2
1177,2_486,2
1178,2_487,2
1179,2_488,2
1180,2_489,2
1181,2_49,2
1182,2_490,2
1183,2_491,2
1184,2_492,2
1185,2_493,2
1186,2_494,2
1187,2_495,2
1188,2_496,2
1189,2_497,2
1190,2_498,2
1191,2_499,2
1192,2_5,2
1193,2_50,2
1194,2_51,2
1195,2_52,2
1196,2_53,2
1197,2_54,2
1198,2_55,2
1199,2_56,2
1200,2_57,2
1201,2_58,5
1202,2_59,2
1203,2_6,5
1204,2_60,2
1205,2_61,2
1206,2_62,2
1207,2_63,2
1208,2_64,2
1209,2_65,2
1210,2_66,2
1211,2_67,2
1212,2_68,2
1213,2_69,2
1214,2_7,2
1215,2_70,2
1216,2_71,2
1217,2_72,2
1218,2_73,2
1219,2_74,2
1220,2_75,2
1221,2_76,2
1222,2_77,2
1223,2_78,2
1224,2_79,2
1225,2_8,2
1226,2_80,2
1227,2_81,2
1228,2_82,2
1229,2_83,2
1230,2_84,2
1231,2_85,2
1232,2_86,2
1233,2_87,2
1234,2_88,2
1235,2_89,2
1236,2_9,2
1237,2_90,2
1238,2_91,2
1239,2_92,2
1240,2_93,2
1241,2_94,2
1242,2_95,2
1243,2_96,2
1244,2_97,2
1245,2_98,2
1246,2_99,2
1247,3_0,2
1248,3_1,2
1249,3_10,2
1250,3_100,2
1251,3_101,2
1252,3_102,2
1253,3_103,2
1254,3_104,2
1255,3_105,2
1256,3_106,2
1257,3_107,2
1258,3_108,2
1259,3_109,2
1260,3_11,2
1261,3_110,2
1262,3_111,2
1263,3_112,2
1264,3_113,2
1265,3_114,2
1266,3_115,2
1267,3_116,2
1268,3_117,2
1269,3_118,2
1270,3_119,2
1271,3_12,2
1272,3_120,5
1273,3_121,2
1274,3_122,2
1275,3_123,2
1276,3_124,2
1277,3_125,2
1278,3_126,2
1279,3_127,2
1280,3_128,2
1281,3_129,2
1282,3_13,2
1283,3_130,2
1284,3_131,2
1285,3_132,2
1286,3_133,2
1287,3_134,2
1288,3_135,2
1289,3_136,2
1290,3_137,2
1291,3_138,2
1292,3_139,2
1293,3_14,2
1294,3_140,2
1295,3_141,5
1296,3_142,2
1297,3_143,2
1298,3_144,2
1299,3_145,2
1300,3_146,2
1301,3_147,2
1302,3_148,2
1303,3_149,2
1304,3_15,2
1305,3_150,2
1306,3_151,2
1307,3_152,2
1308,3_153,2
1309,3_154,2
1310,3_155,2
1311,3_156,2
1312,3_157,2
1313,3_158,2
1314,3_159,5
1315,3_16,2
1316,3_160,2
1317,3_161,2
1318,3_162,2
1319,3_163,2
1320,3_164,2
1321,3_165,2
1322,3_166,2
1323,3_167,2
1324,3_168,2
1325,3_169,2
1326,3_17,2
1327,3_170,2
1328,3_171,5
1329,3_172,2
1330,3_173,2
1331,3_174,2
1332,3_175,2
1333,3_176,2
1334,3_177,2
1335,3_178,2
1336,3_179,2
1337,3_18,2
1338,3_180,2
1339,3_181,2
1340,3_182,2
1341,3_183,2
1342,3_184,2
1343,3_185,2
1344,3_186,2
1345,3_187,2
1346,3_188,2
1347,3_189,2
1348,3_19,2
1349,3_190,2
1350,3_191,2
1351,3_192,2
1352,3_193,2
1353,3_194,2
1354,3_195,2
1355,3_196,2
1356,3_197,2
1357,3_198,2
1358,3_199,2
1359,3_2,2
1360,3_20,2
1361,3_200,2
1362,3_201,2
1363,3_202,2
1364,3_203,2
1365,3_204,2
1366,3_205,2
1367,3_206,2
1368,3_207,2
1369,3_208,2
1370,3_209,2
1371,3_21,2
1372,3_210,2
1373,3_211,2
1374,3_212,2
1375,3_213,2
1376,3_214,2
1377,3_215,2
1378,3_216,2
1379,3_217,2
1380,3_218,2
1381,3_219,2
1382,3_22,2
1383,3_220,2
1384,3_221,2
1385,3_222,2
1386,3_223,2
1387,3_224,2
1388,3_225,2
1389,3_226,2
1390,3_227,2
1391,3_228,2
1392,3_229,2
1393,3_23,2
1394,3_230,2
1395,3_231,2
1396,3_232,2
1397,3_233,2
1398,3_234,2
1399,3_235,2
1400,3_236,2
1401,3_237,2
1402,3_238,2
1403,3_239,2
1404,3_24,2
1405,3_240,2
1406,3_241,2
1407,3_242,2
1408,3_243,2
1409,3_244,2
1410,3_245,2
1411,3_246,2
1412,3_247,2
1413,3_248,2
1414,3_249,2
1415,3_25,2
1416,3_250,2
1417,3_251,2
1418,3_252,2
1419,3_253,2
1420,3_254,2
1421,3_255,2
1422,3_256,2
1423,3_257,2
1424,3_258,2
1425,3_259,2
1426,3_26,2
1427,3_260,2
1428,3_261,2
1429,3_262,2
1430,3_263,2
1431,3_264,2
1432,3_265,2
1433,3_266,2
1434,3_267,2
1435,3_268,2
1436,3_269,2
1437,3_27,2
1438,3_270,2
1439,3_271,2
1440,3_272,2
1441,3_273,2
1442,3_274,2
1443,3_275,2
1444,3_276,2
1445,3_277,2
1446,3_278,2
1447,3_279,2
1448,3_28,2
1449,3_280,2
1450,3_281,2
1451,3_282,2
1452,3_283,2
1453,3_284,2
1454,3_285,2
1455,3_286,2
1456,3_287,2
1457,3_288,2
1458,3_289,2
1459,3_29,2
1460,3_290,2
1461,3_291,2
1462,3_292,2
1463,3_293,2
1464,3_294,2
1465,3_295,2
1466,3_296,2
1467,3_297,2
1468,3_298,2
1469,3_299,2
1470,3_3,2
1471,3_30,2
1472,3_300,2
1473,3_301,2
1474,3_302,2
1475,3_303,2
1476,3_304,2
1477,3_305,2
1478,3_306,2
1479,3_307,2
1480,3_308,2
1481,3_309,2
1482,3_31,5
1483,3_310,2
1484,3_311,2
1485,3_312,2
1486,3_313,2
1487,3_314,2
1488,3_315,2
1489,3_316,2
1490,3_317,2
1491,3_318,2
1492,3_319,2
1493,3_32,2
1494,3_320,2
1495,3_321,2
1496,3_322,2
1497,3_323,2
1498,3_324,2
1499,3_325,2
1500,3_326,2
1501,3_327,2
1502,3_328,2
1503,3_329,2
1504,3_33,2
1505,3_330,2
1506,3_331,2
1507,3_332,2
1508,3_333,2
1509,3_334,2
1510,3_34,2
1511,3_35,2
1512,3_36,2
1513,3_37,2
1514,3_38,2
1515,3_39,2
1516,3_4,2
1517,3_40,2
1518,3_41,2
1519,3_42,2
1520,3_43,2
1521,3_44,2
1522,3_45,2
1523,3_46,2
1524,3_47,2
1525,3_48,2
1526,3_49,2
1527,3_5,2
1528,3_50,2
1529,3_51,2
1530,3_52,2
1531,3_53,2
1532,3_54,2
1533,3_55,2
1534,3_56,2
1535,3_57,2
1536,3_58,2
1537,3_59,2
1538,3_6,2
1539,3_60,2
1540,3_61,2
1541,3_62,2
1542,3_63,2
1543,3_64,2
1544,3_65,2
1545,3_66,2
1546,3_67,2
1547,3_68,2
1548,3_69,2
1549,3_7,2
1550,3_70,2
1551,3_71,2
1552,3_72,2
1553,3_73,2
1554,3_74,2
1555,3_75,2
1556,3_76,2
1557,3_77,2
1558,3_78,2
1559,3_79,2
1560,3_8,2
1561,3_80,2
1562,3_81,2
1563,3_82,2
1564,3_83,2
1565,3_84,2
1566,3_85,5
1567,3_86,2
1568,3_87,2
1569,3_88,2
1570,3_89,2
1571,3_9,2
1572,3_90,2
1573,3_91,2
1574,3_92,2
1575,3_93,2
1576,3_94,2
1577,3_95,2
1578,3_96,2
1579,3_97,2
1580,3_98,2
1581,3_99,2
1582,4_0,2
1583,4_1,2
1584,4_10,2
1585,4_100,2
1586,4_101,2
1587,4_102,2
1588,4_103,2
1589,4_104,2
1590,4_105,2
1591,4_106,2
1592,4_107,2
1593,4_108,2
1594,4_109,2
1595,4_11,2
1596,4_110,2
1597,4_111,2
1598,4_112,2
1599,4_113,2
1600,4_114,2
1601,4_115,2
1602,4_116,2
1603,4_117,2
1604,4_118,2
1605,4_119,2
1606,4_12,2
1607,4_120,2
1608,4_121,2
1609,4_122,2
1610,4_123,2
1611,4_124,2
1612,4_125,2
1613,4_126,2
1614,4_127,2
1615,4_128,2
1616,4_129,2
1617,4_13,2
1618,4_130,2
1619,4_131,2
1620,4_132,2
1621,4_133,2
1622,4_134,2
1623,4_135,2
1624,4_136,2
1625,4_137,2
1626,4_138,2
1627,4_139,2
1628,4_14,2
1629,4_140,2
1630,4_141,2
1631,4_142,2
1632,4_143,2
1633,4_144,2
1634,4_145,2
1635,4_146,2
1636,4_147,2
1637,4_148,2
1638,4_149,5
1639,4_15,2
1640,4_150,2
1641,4_151,2
1642,4_152,2
1643,4_153,2
1644,4_154,2
1645,4_155,2
1646,4_156,2
1647,4_157,2
1648,4_158,2
1649,4_159,5
1650,4_16,2
1651,4_160,2
1652,4_161,2
1653,4_162,2
1654,4_163,2
1655,4_164,2
1656,4_165,5
1657,4_166,2
1658,4_167,2
1659,4_168,2
1660,4_169,2
1661,4_17,2
1662,4_170,2
1663,4_171,2
1664,4_172,2
1665,4_173,2
1666,4_174,2
1667,4_175,2
1668,4_176,2
1669,4_177,2
1670,4_178,2
1671,4_179,2
1672,4_18,2
1673,4_180,2
1674,4_181,2
1675,4_182,2
1676,4_183,2
1677,4_184,2
1678,4_185,2
1679,4_186,2
1680,4_187,2
1681,4_188,2
1682,4_189,2
1683,4_19,2
1684,4_190,2
1685,4_191,2
1686,4_192,2
1687,4_193,2
1688,4_194,2
1689,4_195,2
1690,4_196,2
1691,4_197,2
1692,4_198,2
1693,4_199,2
1694,4_2,2
1695,4_20,2
1696,4_200,2
1697,4_201,2
1698,4_202,2
1699,4_203,2
1700,4_204,2
1701,4_205,2
1702,4_206,2
1703,4_207,2
1704,4_208,2
1705,4_209,2
1706,4_21,2
1707,4_210,2
1708,4_211,2
1709,4_212,2
1710,4_213,2
1711,4_214,2
1712,4_215,2
1713,4_216,2
1714,4_217,2
1715,4_218,2
1716,4_219,2
1717,4_22,2
1718,4_220,2
1719,4_221,2
1720,4_222,2
1721,4_223,2
1722,4_224,2
1723,4_225,2
1724,4_226,2
1725,4_227,2
1726,4_228,2
1727,4_229,2
1728,4_23,2
1729,4_230,2
1730,4_231,2
1731,4_232,5
1732,4_233,2
1733,4_234,2
1734,4_235,2
1735,4_236,2
1736,4_237,2
1737,4_238,2
1738,4_239,2
1739,4_24,2
1740,4_240,2
1741,4_241,2
1742,4_242,2
1743,4_243,2
1744,4_244,2
1745,4_245,2
1746,4_246,2
1747,4_247,2
1748,4_248,2
1749,4_249,2
1750,4_25,2
1751,4_250,2
1752,4_251,2
1753,4_252,2
1754,4_253,2
1755,4_254,2
1756,4_255,2
1757,4_256,2
1758,4_257,2
1759,4_258,2
1760,4_259,2
1761,4_26,2
1762,4_260,2
1763,4_261,2
1764,4_262,2
1765,4_263,2
1766,4_264,2
1767,4_265,2
1768,4_266,2
1769,4_267,2
1770,4_268,2
1771,4_269,2
1772,4_27,2
1773,4_270,2
1774,4_271,2
1775,4_272,2
1776,4_273,2
1777,4_274,2
1778,4_275,2
1779,4_276,2
1780,4_277,2
1781,4_278,2
1782,4_279,2
1783,4_28,2
1784,4_280,2
1785,4_281,2
1786,4_282,2
1787,4_283,2
1788,4_284,2
1789,4_285,2
1790,4_286,2
1791,4_29,2
1792,4_3,2
1793,4_30,2
1794,4_31,2
1795,4_32,2
1796,4_33,2
1797,4_34,2
1798,4_35,2
1799,4_36,2
1800,4_37,2
1801,4_38,2
1802,4_39,2
1803,4_4,2
1804,4_40,2
1805,4_41,2
1806,4_42,2
1807,4_43,2
1808,4_44,2
1809,4_45,2
1810,4_46,2
1811,4_47,2
1812,4_48,2
1813,4_49,2
1814,4_5,2
1815,4_50,2
1816,4_51,2
1817,4_52,2
1818,4_53,2
1819,4_54,2
1820,4_55,2
1821,4_56,2
1822,4_57,2
1823,4_58,2
1824,4_59,2
1825,4_6,2
1826,4_60,2
1827,4_61,2
1828,4_62,2
1829,4_63,2
1830,4_64,2
1831,4_65,2
1832,4_66,2
1833,4_67,2
1834,4_68,2
1835,4_69,2
1836,4_7,2
1837,4_70,2
1838,4_71,2
1839,4_72,2
1840,4_73,5
1841,4_74,2
1842,4_75,2
1843,4_76,2
1844,4_77,2
1845,4_78,2
1846,4_79,2
1847,4_8,2
1848,4_80,2
1849,4_81,2
1850,4_82,2
1851,4_83,2
1852,4_84,2
1853,4_85,2
1854,4_86,2
1855,4_87,2
1856,4_88,2
1857,4_89,2
1858,4_9,2
1859,4_90,2
1860,4_91,2
1861,4_92,2
1862,4_93,2
1863,4_94,2
1864,4_95,2
1865,4_96,2
1866,4_97,2
1867,4_98,2
1868,4_99,2
1869,5_0,2
1870,5_1,2
1871,5_10,2
1872,5_100,2
1873,5_101,2
1874,5_102,2
1875,5_103,2
1876,5_104,2
1877,5_105,2
1878,5_106,2
1879,5_107,2
1880,5_108,2
1881,5_109,2
1882,5_11,2
1883,5_110,2
1884,5_111,2
1885,5_112,2
1886,5_113,2
1887,5_114,2
1888,5_115,2
1889,5_116,2
1890,5_117,2
1891,5_118,2
1892,5_119,2
1893,5_12,2
1894,5_120,2
1895,5_121,2
1896,5_122,2
1897,5_123,2
1898,5_124,2
1899,5_125,2
1900,5_126,2
1901,5_127,2
1902,5_128,2
1903,5_129,2
1904,5_13,2
1905,5_130,2
1906,5_131,2
1907,5_132,5
1908,5_133,2
1909,5_134,2
1910,5_135,2
1911,5_136,2
1912,5_137,2
1913,5_138,2
1914,5_139,2
1915,5_14,2
1916,5_140,2
1917,5_141,2
1918,5_142,2
1919,5_143,2
1920,5_144,2
1921,5_145,2
1922,5_146,2
1923,5_147,2
1924,5_148,2
1925,5_149,2
1926,5_15,2
1927,5_150,2
1928,5_151,2
1929,5_152,2
1930,5_153,2
1931,5_154,2
1932,5_155,2
1933,5_156,2
1934,5_157,2
1935,5_158,2
1936,5_159,2
1937,5_16,5
1938,5_160,2
1939,5_161,2
1940,5_162,2
1941,5_163,2
1942,5_164,2
1943,5_165,2
1944,5_166,2
1945,5_167,2
1946,5_168,2
1947,5_169,2
1948,5_17,2
1949,5_170,2
1950,5_171,2
1951,5_172,2
1952,5_173,2
1953,5_174,2
1954,5_175,2
1955,5_176,2
1956,5_177,2
1957,5_178,2
1958,5_179,2
1959,5_18,2
1960,5_180,2
1961,5_181,2
1962,5_182,2
1963,5_183,2
1964,5_184,2
1965,5_185,2
1966,5_186,2
1967,5_187,2
1968,5_188,2
1969,5_189,2
1970,5_19,2
1971,5_190,2
1972,5_191,2
1973,5_192,2
1974,5_193,2
1975,5_194,2
1976,5_195,2
1977,5_196,2
1978,5_197,2
1979,5_198,2
1980,5_199,2
1981,5_2,2
1982,5_20,2
1983,5_200,2
1984,5_201,2
1985,5_202,2
1986,5_203,2
1987,5_204,2
1988,5_205,2
1989,5_206,2
1990,5_207,2
1991,5_208,2
1992,5_209,5
1993,5_21,2
1994,5_210,2
1995,5_211,2
1996,5_212,2
1997,5_213,2
1998,5_214,5
1999,5_215,2
2000,5_216,2
2001,5_217,2
2002,5_218,2
2003,5_219,2
2004,5_22,2
2005,5_220,2
2006,5_221,2
2007,5_222,2
2008,5_223,2
2009,5_224,2
2010,5_225,2
2011,5_226,2
2012,5_227,2
2013,5_228,2
2014,5_229,2
2015,5_23,2
2016,5_230,2
2017,5_231,2
2018,5_232,2
2019,5_233,2
2020,5_234,2
2021,5_235,2
2022,5_236,2
2023,5_237,2
2024,5_238,2
2025,5_239,2
2026,5_24,2
2027,5_240,2
2028,5_241,2
2029,5_242,2
2030,5_243,2
2031,5_244,2
2032,5_245,2
2033,5_246,2
2034,5_247,2
2035,5_248,2
2036,5_249,2
2037,5_25,2
2038,5_250,2
2039,5_251,2
2040,5_252,2
2041,5_253,2
2042,5_254,2
2043,5_255,2
2044,5_256,2
2045,5_257,2
2046,5_258,2
2047,5_259,2
2048,5_26,2
2049,5_260,2
2050,5_261,2
2051,5_262,2
2052,5_263,2
2053,5_264,2
2054,5_265,2
2055,5_266,2
2056,5_267,2
2057,5_268,2
2058,5_269,2
2059,5_27,2
2060,5_270,2
2061,5_271,2
2062,5_272,2
2063,5_273,2
2064,5_274,2
2065,5_275,2
2066,5_276,2
2067,5_277,2
2068,5_278,2
2069,5_279,2
2070,5_28,2
2071,5_280,2
2072,5_281,2
2073,5_282,2
2074,5_283,2
2075,5_284,2
2076,5_285,2
2077,5_286,2
2078,5_287,2
2079,5_288,2
2080,5_289,2
2081,5_29,2
2082,5_290,2
2083,5_291,2
2084,5_292,2
2085,5_293,2
2086,5_294,2
2087,5_295,2
2088,5_296,2
2089,5_297,2
2090,5_298,2
2091,5_299,2
2092,5_3,2
2093,5_30,2
2094,5_300,2
2095,5_301,2
2096,5_302,2
2097,5_303,2
2098,5_304,2
2099,5_305,2
2100,5_306,2
2101,5_307,2
2102,5_308,2
2103,5_309,2
2104,5_31,2
2105,5_310,2
2106,5_311,2
2107,5_312,2
2108,5_313,2
2109,5_314,2
2110,5_315,2
2111,5_316,2
2112,5_317,2
2113,5_318,2
2114,5_319,2
2115,5_32,2
2116,5_320,2
2117,5_321,2
2118,5_322,2
2119,5_323,2
2120,5_324,2
2121,5_325,2
2122,5_326,2
2123,5_327,2
2124,5_328,2
2125,5_329,2
2126,5_33,2
2127,5_330,2
2128,5_331,2
2129,5_332,5
2130,5_333,2
2131,5_334,2
2132,5_335,2
2133,5_336,2
2134,5_337,2
2135,5_338,2
2136,5_339,2
2137,5_34,2
2138,5_340,2
2139,5_341,2
2140,5_342,2
2141,5_343,2
2142,5_344,2
2143,5_345,2
2144,5_346,2
2145,5_347,2
2146,5_348,2
2147,5_349,2
2148,5_35,2
2149,5_350,2
2150,5_351,2
2151,5_352,2
2152,5_353,2
2153,5_354,2
2154,5_355,2
2155,5_356,2
2156,5_357,2
2157,5_358,2
2158,5_359,2
2159,5_36,2
2160,5_360,2
2161,5_361,2
2162,5_362,2
2163,5_363,2
2164,5_364,2
2165,5_365,2
2166,5_366,2
2167,5_367,2
2168,5_368,2
2169,5_369,2
2170,5_37,2
2171,5_370,2
2172,5_371,2
2173,5_372,2
2174,5_373,2
2175,5_374,2
2176,5_375,2
2177,5_376,2
2178,5_377,2
2179,5_378,2
2180,5_379,2
2181,5_38,2
2182,5_380,2
2183,5_381,2
2184,5_382,2
2185,5_383,2
2186,5_384,2
2187,5_385,2
2188,5_386,2
2189,5_387,2
2190,5_388,2
2191,5_389,2
2192,5_39,2
2193,5_390,2
2194,5_391,2
2195,5_392,2
2196,5_393,2
2197,5_394,2
2198,5_395,2
2199,5_396,2
2200,5_397,2
2201,5_398,2
2202,5_399,2
2203,5_4,2
2204,5_40,2
2205,5_400,2
2206,5_401,2
2207,5_402,2
2208,5_403,2
2209,5_404,2
2210,5_405,2
2211,5_406,2
2212,5_407,2
2213,5_408,2
2214,5_409,2
2215,5_41,2
2216,5_410,2
2217,5_411,2
2218,5_412,2
2219,5_413,2
2220,5_414,2
2221,5_415,2
2222,5_416,2
2223,5_417,2
2224,5_418,2
2225,5_419,2
2226,5_42,5
2227,5_420,2
2228,5_421,2
2229,5_422,2
2230,5_423,2
2231,5_424,2
2232,5_425,2
2233,5_426,2
2234,5_427,2
2235,5_428,2
2236,5_429,2
2237,5_43,2
2238,5_430,2
2239,5_431,2
2240,5_44,2
2241,5_45,2
2242,5_46,2
2243,5_47,2
2244,5_48,2
2245,5_49,2
2246,5_5,2
2247,5_50,2
2248,5_51,2
2249,5_52,2
2250,5_53,2
2251,5_54,2
2252,5_55,2
2253,5_56,2
2254,5_57,2
2255,5_58,2
2256,5_59,2
2257,5_6,2
2258,5_60,2
2259,5_61,2
2260,5_62,2
2261,5_63,2
2262,5_64,2
2263,5_65,2
2264,5_66,2
2265,5_67,2
2266,5_68,2
2267,5_69,2
2268,5_7,2
2269,5_70,2
2270,5_71,2
2271,5_72,2
2272,5_73,2
2273,5_74,2
2274,5_75,2
2275,5_76,2
2276,5_77,2
2277,5_78,5
2278,5_79,2
2279,5_8,2
2280,5_80,2
2281,5_81,2
2282,5_82,2
2283,5_83,2
2284,5_84,2
2285,5_85,2
2286,5_86,2
2287,5_87,2
2288,5_88,2
2289,5_89,2
2290,5_9,2
2291,5_90,2
2292,5_91,2
2293,5_92,2
2294,5_93,2
2295,5_94,2
2296,5_95,2
2297,5_96,2
2298,5_97,2
2299,5_98,2
2300,5_99,2
2301,6_0,2
2302,6_1,2
2303,6_10,2
2304,6_100,2
2305,6_101,2
2306,6_102,2
2307,6_103,2
2308,6_104,2
2309,6_105,2
2310,6_106,2
2311,6_107,2
2312,6_108,2
2313,6_109,2
2314,6_11,5
2315,6_110,2
2316,6_111,2
2317,6_112,2
2318,6_113,2
2319,6_114,2
2320,6_115,2
2321,6_116,2
2322,6_117,2
2323,6_118,2
2324,6_119,2
2325,6_12,5
2326,6_120,2
2327,6_121,2
2328,6_122,2
2329,6_123,5
2330,6_124,2
2331,6_125,2
2332,6_126,2
2333,6_127,2
2334,6_128,2
2335,6_129,2
2336,6_13,2
2337,6_130,2
2338,6_131,2
2339,6_132,2
2340,6_133,2
2341,6_134,2
2342,6_135,2
2343,6_136,2
2344,6_137,2
2345,6_138,2
2346,6_139,2
2347,6_14,2
2348,6_140,2
2349,6_141,2
2350,6_142,2
2351,6_143,2
2352,6_144,2
2353,6_145,2
2354,6_146,2
2355,6_15,2
2356,6_16,2
2357,6_17,2
2358,6_18,2
2359,6_19,2
2360,6_2,2
2361,6_20,2
2362,6_21,2
2363,6_22,2
2364,6_23,2
2365,6_24,2
2366,6_25,2
2367,6_26,2
2368,6_27,2
2369,6_28,2
2370,6_29,2
2371,6_3,2
2372,6_30,2
2373,6_31,2
2374,6_32,2
2375,6_33,2
2376,6_34,2
2377,6_35,2
2378,6_36,2
2379,6_37,2
2380,6_38,2
2381,6_39,2
2382,6_4,2
2383,6_40,2
2384,6_41,2
2385,6_42,2
2386,6_43,2
2387,6_44,2
2388,6_45,2
2389,6_46,2
2390,6_47,2
2391,6_48,2
2392,6_49,2
2393,6_5,2
2394,6_50,2
2395,6_51,2
2396,6_52,2
2397,6_53,2
2398,6_54,2
2399,6_55,2
2400,6_56,2
2401,6_57,2
2402,6_58,2
2403,6_59,2
2404,6_6,2
2405,6_60,2
2406,6_61,2
2407,6_62,2
2408,6_63,2
2409,6_64,2
2410,6_65,2
2411,6_66,2
2412,6_67,2
2413,6_68,2
2414,6_69,2
2415,6_7,2
2416,6_70,2
2417,6_71,2
2418,6_72,2
2419,6_73,2
2420,6_74,2
2421,6_75,2
2422,6_76,2
2423,6_77,2
2424,6_78,2
2425,6_79,2
2426,6_8,2
2427,6_80,2
2428,6_81,2
2429,6_82,2
2430,6_83,2
2431,6_84,2
2432,6_85,2
2433,6_86,2
2434,6_87,2
2435,6_88,2
2436,6_89,2
2437,6_9,2
2438,6_90,2
2439,6_91,2
2440,6_92,2
2441,6_93,2
2442,6_94,2
2443,6_95,2
2444,6_96,2
2445,6_97,2
2446,6_98,2
2447,6_99,2
2448,7_0,2
2449,7_1,2
2450,7_10,2
2451,7_11,2
2452,7_12,2
2453,7_13,5
2454,7_14,2
2455,7_15,2
2456,7_16,2
2457,7_17,2
2458,7_18,2
2459,7_19,2
2460,7_2,2
2461,7_20,2
2462,7_21,2
2463,7_22,2
2464,7_23,2
2465,7_24,2
2466,7_25,2
2467,7_26,2
2468,7_27,2
2469,7_28,2
2470,7_29,2
2471,7_3,2
2472,7_30,2
2473,7_31,2
2474,7_32,2
2475,7_33,2
2476,7_34,5
2477,7_35,2
2478,7_36,2
2479,7_37,2
2480,7_38,2
2481,7_39,2
2482,7_4,2
2483,7_40,2
2484,7_41,2
2485,7_42,2
2486,7_43,2
2487,7_44,2
2488,7_45,2
2489,7_46,2
2490,7_47,2
2491,7_48,2
2492,7_49,2
2493,7_5,2
2494,7_50,2
2495,7_51,2
2496,7_52,2
2497,7_53,2
2498,7_54,2
2499,7_55,2
2500,7_56,2
2501,7_57,2
2502,7_58,2
2503,7_59,2
2504,7_6,2
2505,7_60,2
2506,7_61,2
2507,7_62,2
2508,7_63,2
2509,7_64,2
2510,7_65,2
2511,7_66,2
2512,7_67,2
2513,7_68,2
2514,7_69,2
2515,7_7,2
2516,7_70,2
2517,7_71,2
2518,7_72,5
2519,7_73,2
2520,7_74,2
2521,7_75,2
2522,7_76,2
2523,7_77,2
2524,7_78,2
2525,7_79,2
2526,7_8,2
2527,7_80,2
2528,7_81,2
2529,7_82,5
2530,7_83,2
2531,7_84,2
2532,7_85,2
2533,7_86,2
2534,7_87,2
2535,7_88,2
2536,7_89,2
2537,7_9,2
2538,7_90,5
2539,7_91,2
2540,7_92,2
2541,7_93,2
2542,7_94,2
2543,7_95,2
2544,8_0,2
2545,8_1,2
2546,8_10,2
2547,8_100,2
2548,8_101,2
2549,8_102,2
2550,8_103,2
2551,8_104,2
2552,8_105,2
2553,8_106,2
2554,8_107,2
2555,8_108,2
2556,8_109,2
2557,8_11,2
2558,8_110,2
2559,8_111,2
2560,8_112,2
2561,8_113,2
2562,8_114,2
2563,8_115,2
2564,8_116,2
2565,8_117,2
2566,8_118,2
2567,8_119,2
2568,8_12,2
2569,8_120,2
2570,8_121,2
2571,8_122,2
2572,8_123,2
2573,8_124,2
2574,8_125,2
2575,8_126,2
2576,8_127,2
2577,8_128,2
2578,8_129,2
2579,8_13,2
2580,8_130,2
2581,8_131,2
2582,8_132,2
2583,8_133,2
2584,8_134,2
2585,8_135,2
2586,8_136,2
2587,8_137,2
2588,8_138,2
2589,8_139,2
2590,8_14,2
2591,8_140,2
2592,8_141,2
2593,8_142,2
2594,8_143,2
2595,8_144,2
2596,8_145,2
2597,8_146,2
2598,8_147,2
2599,8_148,2
2600,8_149,2
2601,8_15,2
2602,8_150,2
2603,8_151,2
2604,8_152,2
2605,8_153,2
2606,8_154,2
2607,8_155,2
2608,8_156,2
2609,8_157,2
2610,8_158,2
2611,8_159,2
2612,8_16,2
2613,8_160,2
2614,8_161,2
2615,8_162,2
2616,8_163,2
2617,8_164,2
2618,8_165,2
2619,8_166,2
2620,8_167,2
2621,8_168,2
2622,8_169,2
2623,8_17,2
2624,8_170,2
2625,8_171,2
2626,8_172,2
2627,8_173,2
2628,8_174,2
2629,8_175,2
2630,8_176,2
2631,8_177,2
2632,8_178,2
2633,8_179,2
2634,8_18,2
2635,8_180,2
2636,8_181,2
2637,8_182,2
2638,8_183,2
2639,8_184,2
2640,8_185,2
2641,8_186,2
2642,8_187,2
2643,8_188,2
2644,8_189,2
2645,8_19,2
2646,8_190,2
2647,8_191,2
2648,8_192,2
2649,8_193,2
2650,8_194,2
2651,8_195,2
2652,8_196,2
2653,8_197,2
2654,8_198,2
2655,8_199,2
2656,8_2,2
2657,8_20,2
2658,8_200,2
2659,8_201,2
2660,8_202,2
2661,8_203,2
2662,8_204,2
2663,8_205,2
2664,8_206,2
2665,8_207,2
2666,8_208,2
2667,8_209,2
2668,8_21,2
2669,8_210,2
2670,8_211,2
2671,8_212,2
2672,8_213,2
2673,8_214,2
2674,8_215,2
2675,8_216,2
2676,8_217,2
2677,8_218,2
2678,8_219,2
2679,8_22,2
2680,8_220,2
2681,8_221,2
2682,8_222,2
2683,8_223,2
2684,8_224,2
2685,8_225,2
2686,8_226,2
2687,8_227,2
2688,8_228,2
2689,8_229,2
2690,8_23,2
2691,8_230,2
2692,8_231,2
2693,8_232,2
2694,8_233,2
2695,8_234,2
2696,8_235,2
2697,8_236,2
2698,8_237,2
2699,8_238,2
2700,8_239,2
2701,8_24,2
2702,8_240,2
2703,8_241,2
2704,8_242,2
2705,8_243,2
2706,8_244,2
2707,8_245,2
2708,8_246,2
2709,8_247,2
2710,8_248,2
2711,8_249,2
2712,8_25,2
2713,8_250,2
2714,8_251,2
2715,8_252,2
2716,8_253,2
2717,8_254,2
2718,8_255,2
2719,8_256,2
2720,8_257,2
2721,8_258,2
2722,8_259,2
2723,8_26,2
2724,8_260,2
2725,8_261,2
2726,8_262,2
2727,8_263,2
2728,8_264,2
2729,8_265,2
2730,8_266,2
2731,8_267,2
2732,8_268,2
2733,8_269,2
2734,8_27,2
2735,8_270,2
2736,8_271,2
2737,8_272,2
2738,8_273,2
2739,8_274,2
2740,8_275,2
2741,8_276,2
2742,8_277,2
2743,8_278,2
2744,8_279,2
2745,8_28,2
2746,8_280,2
2747,8_281,2
2748,8_282,2
2749,8_283,2
2750,8_284,2
2751,8_285,2
2752,8_286,2
2753,8_287,2
2754,8_288,2
2755,8_289,2
2756,8_29,2
2757,8_290,2
2758,8_291,2
2759,8_292,2
2760,8_293,2
2761,8_294,2
2762,8_295,2
2763,8_296,2
2764,8_297,2
2765,8_298,2
2766,8_299,2
2767,8_3,2
2768,8_30,2
2769,8_300,2
2770,8_301,2
2771,8_302,2
2772,8_31,2
2773,8_32,2
2774,8_33,2
2775,8_34,2
2776,8_35,2
2777,8_36,2
2778,8_37,2
2779,8_38,2
2780,8_39,2
2781,8_4,2
2782,8_40,2
2783,8_41,2
2784,8_42,2
2785,8_43,2
2786,8_44,2
2787,8_45,2
2788,8_46,2
2789,8_47,2
2790,8_48,2
2791,8_49,2
2792,8_5,2
2793,8_50,2
2794,8_51,2
2795,8_52,2
2796,8_53,2
2797,8_54,2
2798,8_55,2
2799,8_56,2
2800,8_57,2
2801,8_58,2
2802,8_59,2
2803,8_6,2
2804,8_60,2
2805,8_61,2
2806,8_62,2
2807,8_63,2
2808,8_64,2
2809,8_65,2
2810,8_66,2
2811,8_67,2
2812,8_68,2
2813,8_69,2
2814,8_7,2
2815,8_70,2
2816,8_71,2
2817,8_72,2
2818,8_73,2
2819,8_74,2
2820,8_75,2
2821,8_76,2
2822,8_77,2
2823,8_78,2
2824,8_79,2
2825,8_8,2
2826,8_80,2
2827,8_81,2
2828,8_82,2
2829,8_83,2
2830,8_84,2
2831,8_85,2
2832,8_86,2
2833,8_87,2
2834,8_88,2
2835,8_89,2
2836,8_9,2
2837,8_90,2
2838,8_91,2
2839,8_92,2
2840,8_93,2
2841,8_94,2
2842,8_95,2
2843,8_96,2
2844,8_97,2
2845,8_98,2
2846,8_99,2
2847,9_0,2
2848,9_1,2
2849,9_10,2
2850,9_100,2
2851,9_101,2
2852,9_102,2
2853,9_103,2
2854,9_104,2
2855,9_105,2
2856,9_106,2
2857,9_107,2
2858,9_108,2
2859,9_109,2
2860,9_11,2
2861,9_110,2
2862,9_111,2
2863,9_112,2
2864,9_113,2
2865,9_114,2
2866,9_115,2
2867,9_116,2
2868,9_117,2
2869,9_118,2
2870,9_119,2
2871,9_12,2
2872,9_120,2
2873,9_121,2
2874,9_122,2
2875,9_123,2
2876,9_124,2
2877,9_125,2
2878,9_126,2
2879,9_127,2
2880,9_128,2
2881,9_129,2
2882,9_13,2
2883,9_130,2
2884,9_131,2
2885,9_132,2
2886,9_133,5
2887,9_134,2
2888,9_135,2
2889,9_136,2
2890,9_137,2
2891,9_138,2
2892,9_139,2
2893,9_14,2
2894,9_140,2
2895,9_141,2
2896,9_142,2
2897,9_143,2
2898,9_144,2
2899,9_145,2
2900,9_146,2
2901,9_147,2
2902,9_148,2
2903,9_149,2
2904,9_15,2
2905,9_150,2
2906,9_151,2
2907,9_152,2
2908,9_153,2
2909,9_154,2
2910,9_155,2
2911,9_156,2
2912,9_157,2
2913,9_158,2
2914,9_159,2
2915,9_16,2
2916,9_160,2
2917,9_161,2
2918,9_162,2
2919,9_163,2
2920,9_164,2
2921,9_165,2
2922,9_166,2
2923,9_167,2
2924,9_168,2
2925,9_169,2
2926,9_17,2
2927,9_170,2
2928,9_171,2
2929,9_172,2
2930,9_173,2
2931,9_174,2
2932,9_175,2
2933,9_176,2
2934,9_177,2
2935,9_178,2
2936,9_179,2
2937,9_18,2
2938,9_180,2
2939,9_181,2
2940,9_182,2
2941,9_183,2
2942,9_184,2
2943,9_185,2
2944,9_186,2
2945,9_187,2
2946,9_188,2
2947,9_189,2
2948,9_19,2
2949,9_190,2
2950,9_191,2
2951,9_192,2
2952,9_193,2
2953,9_194,2
2954,9_195,2
2955,9_196,2
2956,9_197,2
2957,9_198,2
2958,9_199,2
2959,9_2,2
2960,9_20,2
2961,9_200,2
2962,9_201,2
2963,9_202,2
2964,9_203,2
2965,9_204,2
2966,9_205,2
2967,9_206,2
2968,9_207,2
2969,9_208,2
2970,9_209,2
2971,9_21,2
2972,9_210,2
2973,9_211,2
2974,9_212,2
2975,9_213,2
2976,9_214,2
2977,9_215,2
2978,9_216,2
2979,9_217,2
2980,9_218,2
2981,9_219,2
2982,9_22,2
2983,9_220,2
2984,9_221,2
2985,9_222,2
2986,9_223,9
2987,9_224,2
2988,9_225,2
2989,9_226,2
2990,9_227,2
2991,9_228,2
2992,9_229,2
2993,9_23,2
2994,9_230,2
2995,9_231,2
2996,9_232,2
2997,9_233,2
2998,9_234,2
2999,9_235,2
3000,9_236,2
3001,9_237,2
3002,9_238,2
3003,9_239,2
3004,9_24,2
3005,9_240,2
3006,9_241,2
3007,9_242,2
3008,9_243,2
3009,9_244,2
3010,9_245,2
3011,9_246,2
3012,9_247,2
3013,9_248,2
3014,9_249,2
3015,9_25,2
3016,9_250,9
3017,9_251,2
3018,9_252,2
3019,9_253,2
3020,9_254,2
3021,9_255,2
3022,9_256,2
3023,9_257,2
3024,9_258,2
3025,9_259,2
3026,9_26,2
3027,9_260,2
3028,9_261,2
3029,9_262,2
3030,9_263,2
3031,9_264,2
3032,9_265,2
3033,9_266,2
3034,9_267,2
3035,9_268,2
3036,9_269,2
3037,9_27,2
3038,9_270,2
3039,9_271,2
3040,9_272,2
3041,9_273,2
3042,9_274,2
3043,9_275,5
3044,9_276,2
3045,9_277,2
3046,9_278,2
3047,9_279,2
3048,9_28,2
3049,9_280,2
3050,9_281,2
3051,9_282,2
3052,9_283,2
3053,9_284,2
3054,9_285,2
3055,9_286,2
3056,9_287,2
3057,9_288,2
3058,9_289,2
3059,9_29,2
3060,9_290,2
3061,9_291,2
3062,9_292,2
3063,9_293,2
3064,9_294,2
3065,9_295,2
3066,9_296,2
3067,9_297,2
3068,9_298,2
3069,9_299,2
3070,9_3,2
3071,9_30,2
3072,9_300,2
3073,9_301,2
3074,9_302,2
3075,9_303,2
3076,9_304,2
3077,9_305,2
3078,9_306,2
3079,9_307,2
3080,9_308,2
3081,9_309,2
3082,9_31,2
3083,9_310,2
3084,9_311,2
3085,9_312,2
3086,9_313,2
3087,9_314,2
3088,9_315,2
3089,9_316,2
3090,9_317,2
3091,9_318,2
3092,9_319,2
3093,9_32,2
3094,9_320,2
3095,9_321,2
3096,9_322,2
3097,9_323,2
3098,9_324,2
3099,9_325,2
3100,9_326,2
3101,9_327,2
3102,9_328,2
3103,9_329,2
3104,9_33,2
3105,9_330,2
3106,9_331,2
3107,9_332,2
3108,9_333,2
3109,9_334,2
3110,9_335,2
3111,9_336,2
3112,9_337,2
3113,9_338,2
3114,9_339,2
3115,9_34,2
3116,9_340,2
3117,9_341,2
3118,9_342,2
3119,9_343,2
3120,9_344,2
3121,9_345,2
3122,9_346,2
3123,9_347,2
3124,9_348,2
3125,9_349,2
3126,9_35,2
3127,9_350,2
3128,9_351,2
3129,9_352,2
3130,9_353,2
3131,9_354,2
3132,9_355,2
3133,9_356,2
3134,9_357,2
3135,9_358,2
3136,9_359,2
3137,9_36,2
3138,9_360,2
3139,9_361,2
3140,9_362,2
3141,9_363,2
3142,9_364,2
3143,9_365,2
3144,9_366,2
3145,9_367,2
3146,9_368,2
3147,9_369,2
3148,9_37,2
3149,9_370,2
3150,9_371,2
3151,9_372,2
3152,9_373,2
3153,9_374,2
3154,9_375,2
3155,9_376,2
3156,9_377,2
3157,9_378,2
3158,9_379,2
3159,9_38,2
3160,9_380,2
3161,9_381,2
3162,9_382,2
3163,9_383,2
3164,9_384,2
3165,9_385,2
3166,9_386,2
3167,9_387,2
3168,9_388,2
3169,9_389,2
3170,9_39,2
3171,9_390,2
3172,9_391,2
3173,9_392,2
3174,9_393,2
3175,9_394,2
3176,9_395,2
3177,9_396,2
3178,9_397,2
3179,9_398,2
3180,9_399,2
3181,9_4,2
3182,9_40,2
3183,9_400,2
3184,9_401,2
3185,9_402,2
3186,9_403,2
3187,9_404,2
3188,9_405,2
3189,9_406,2
3190,9_407,2
3191,9_408,2
3192,9_409,2
3193,9_41,2
3194,9_410,2
3195,9_411,2
3196,9_412,2
3197,9_413,2
3198,9_414,2
3199,9_415,2
3200,9_416,2
3201,9_417,2
3202,9_418,2
3203,9_419,2
3204,9_42,2
3205,9_420,2
3206,9_421,2
3207,9_422,2
3208,9_423,2
3209,9_424,2
3210,9_425,2
3211,9_426,2
3212,9_427,2
3213,9_428,2
3214,9_429,2
3215,9_43,2
3216,9_430,2
3217,9_431,2
3218,9_432,2
3219,9_433,2
3220,9_434,2
3221,9_435,2
3222,9_436,2
3223,9_437,2
3224,9_438,2
3225,9_439,2
3226,9_44,2
3227,9_440,2
3228,9_441,2
3229,9_442,2
3230,9_443,2
3231,9_444,2
3232,9_445,2
3233,9_446,2
3234,9_447,2
3235,9_448,2
3236,9_449,2
3237,9_45,2
3238,9_450,2
3239,9_451,2
3240,9_452,2
3241,9_453,2
3242,9_454,2
3243,9_455,2
3244,9_456,2
3245,9_457,2
3246,9_458,2
3247,9_459,2
3248,9_46,2
3249,9_460,2
3250,9_461,2
3251,9_462,2
3252,9_463,2
3253,9_464,2
3254,9_465,2
3255,9_466,2
3256,9_467,2
3257,9_468,2
3258,9_469,2
3259,9_47,2
3260,9_470,2
3261,9_471,2
3262,9_472,2
3263,9_473,5
3264,9_474,2
3265,9_475,2
3266,9_476,2
3267,9_477,2
3268,9_478,2
3269,9_479,2
3270,9_48,2
3271,9_480,2
3272,9_481,2
3273,9_482,2
3274,9_483,2
3275,9_484,5
3276,9_485,2
3277,9_486,2
3278,9_487,2
3279,9_488,2
3280,9_489,2
3281,9_49,2
3282,9_490,2
3283,9_491,2
3284,9_492,2
3285,9_493,2
3286,9_494,2
3287,9_495,2
3288,9_496,2
3289,9_497,2
3290,9_498,2
3291,9_499,2
3292,9_5,2
3293,9_50,2
3294,9_51,2
3295,9_52,2
3296,9_53,2
3297,9_54,2
3298,9_55,2
3299,9_56,2
3300,9_57,2
3301,9_58,2
3302,9_59,2
3303,9_6,2
3304,9_60,2
3305,9_61,2
3306,9_62,2
3307,9_63,2
3308,9_64,2
3309,9_65,2
3310,9_66,2
3311,9_67,2
3312,9_68,2
3313,9_69,2
3314,9_7,2
3315,9_70,2
3316,9_71,2
3317,9_72,2
3318,9_73,5
3319,9_74,2
3320,9_75,2
3321,9_76,2
3322,9_77,2
3323,9_78,2
3324,9_79,2
3325,9_8,2
3326,9_80,2
3327,9_81,2
3328,9_82,2
3329,9_83,2
3330,9_84,2
3331,9_85,2
3332,9_86,2
3333,9_87,2
3334,9_88,2
3335,9_89,2
3336,9_9,2
3337,9_90,2
3338,9_91,2
3339,9_92,2
3340,9_93,2
3341,9_94,2
3342,9_95,2
3343,9_96,2
3344,9_97,2
3345,9_98,2
3346,9_99,2
